Station,Latitude,Longitude,PM25,PM10,NO2
Delhi_Anand_Vihar,28.6476,77.3158,110.0,185.0,45.0
Delhi_Mundka,28.6835,77.0425,105.0,175.0,40.0
Delhi_Bawana,28.7762,77.0511,102.0,170.0,38.0
Delhi_Narela,28.8415,77.0945,95.0,165.0,35.0
Delhi_Jahangirpuri,28.7328,77.1706,98.0,160.0,36.0
Delhi_Rohini,28.7325,77.1199,92.0,150.0,34.0
Delhi_Punjabi_Bagh,28.6740,77.1310,88.0,145.0,33.0
Delhi_Wazirpur,28.6998,77.1654,94.0,155.0,36.0
Delhi_Ashok_Vihar,28.6954,77.1817,86.0,140.0,32.0
Delhi_Shadipur,28.6515,77.1473,85.0,135.0,31.0
Delhi_ITO,28.6316,77.2494,89.0,150.0,38.0
Delhi_Patparganj,28.6237,77.2872,82.0,135.0,32.0
Delhi_Okhla_Phase_2,28.5308,77.2713,90.0,148.0,37.0
Delhi_Sirifort,28.5504,77.2159,72.0,115.0,26.0
Delhi_RK_Puram,28.5632,77.1869,78.0,125.0,29.0
Delhi_Mandir_Marg,28.6364,77.2011,75.0,120.0,28.0
Delhi_Lodhi_Road,28.5883,77.2218,65.0,105.0,22.0
Delhi_IGI_Airport,28.5665,77.1011,71.0,118.0,31.0
Delhi_Dwarka_Sector_8,28.5710,77.0719,76.0,122.0,30.0
Delhi_Najafgarh,28.6091,76.9840,84.0,132.0,28.0
Delhi_Aya_Nagar,28.4707,77.1099,62.0,100.0,20.0
Delhi_NSIT_Dwarka,28.6090,77.0325,74.0,119.0,29.0
Delhi_Sri_Aurobindo_Marg,28.5314,77.1901,70.0,112.0,25.0
Delhi_Pusa,28.6396,77.1558,68.0,110.0,24.0
Delhi_Mathura_Road,28.5910,77.2530,81.0,130.0,33.0
